AOT	S05700
AAL	S01416
ATA	S12873
ASO	S01062
ATE	S12409
ANO	S07423
ARA	S09215
ALE	S12328
AAA	S08715
ADA	S11722
AAC	S01913
ASA	S11736
AVA	S12209
ADF	S11504
ASF	S12026
AIT	S00867
ABL	S11907
AIA	S05420
AON	S11872
ACC	S00804
AOB	S12213
AOC	S12216
AIC	S11705
ACA	S00514
ALL	S04481
ANN	S01515
ALA	S02049
ANA	S07708
AFV	S02566
AIO	S04515
ABA	S00825
AAN	S07800
ANI	S07207
ADL	S11453
AOL	S08704
ASR	S01534
AVV	S09004
ADO	S02538
AEC	S01310
AET	S01450
AGA	S04516
ASE	S08001
AII	S08003
ALO	S04529
ASN	S01209
ASS	S00033
ANZ	S01863
AOD	S12150
ARR	S12320
AIR	S00470
AAS	S08908
ANE	S05808
AEB	S00809
AIE	S12310
ACV	S08202
ANG	S00216
ARU	S11307
ARE	S04810
AAI	S09511
AAM	S12011
AAT	S02444
AIS	S06407
ANV	S08206
AEA	S11744
AEM	S01527
ALD	S11051
AAO	S11807
AIM	S09306
AIF	S08658
ANC	S07113
AAR	S07116
AAE	S07015
ATT	S02141
ARO	S04513
ARI	S09812
ARL	S08318
AEV	S02769
ANT	S06727
ABV	S07408
AOO	S07435
AVS	S08537
ADP	S01453
AIZ	S08709
AOA	S08713
ATS	S00137
AAU	S00143
AVE	S00146
AST	S09314
ANP	S08328
ANR	S11024
AIL	S08705
AIN	S09623
AAD	S12370
AIB	S06811
ACE	S08861
ATI	S01203
ALC	S06006
ARC	S01510
ARD	S12817
AOM	S01427
RAR	S11853
AAP	S01947
ARN	S04533
AZO	S06915
ATN	S05804
AOI	S09316
NAR	S01020
NRA	S08859
AAV	S04207
AUA	S05707
ALI	S08516
RAN	S03021
AER	S00134
AEE	S11711
ANS	S06813
AMO	S06825
AIP	S07550
IAA	S11203
ALS	S01847
ANM	S12889
ASI	S07008
SAS	S01101
TAS	S00462
NAT	S09904
ANL	S08207
ATU	S12345
ATL	S09902
ALU	S06168
AAG	S06013
ANU	S03550
AVN	S09514
ASV	S09006
NAV	S08526
NVA	S03087
VAN	S00214
AOU	S11214
AIV	S02050
SAV	S00133
ALV	S12426
BIC	S11119
BAC	S05043
BAP	S02370
BTO	S11841
BIA	S12008
BLO	S05902
BRA	S11770
BAA	S03123
BCO	S00921
BDL	S06308
BDT	S08504
BAT	S09102
BII	S09613
BOM	S01901
BDS	S07224
BRI	S00460
BTE	S12122
BNO	S08856
BOR	S09830
BLA	S00178
BTT	S00732
BNN	S09832
BLL	S09458
BLE	S01932
BNA	S05905
BSI	S12971
BNL	S12041
BIH	S00202
BAG	S06303
BPM	S11118
BPN	S11148
BPS	S11125
BSS	S11116
BSA	S11513
BSG	S11150
BTA	S11126
BTC	S05419
BLI	S11208
BTL	S11108
BSN	S09520
BIM	S08204
BNI	S02832
BDG	S02520
BIT	S08208
BOO	S08312
BIS	S07007
BAM	S00908
BAE	S05702
BIL	S09823
BUM	S12875
BNE	S01015
BNZ	S00807
BRD	S00203
BFI	S07422
BTN	S00901
BSO	S01864
BTR	S01017
BAO	S09831
BTM	S01409
BER	S07902
BIR	S05817
BTS	S11512
BGO	S00985
BOS	S07061
BNU	S02559
BEC	S11743
BEM	S11732
BTV	S09311
BAN	S09530
BPR	S09509
BET	S06158
BDA	S12859
BCC	S00838
BMO	S01529
BDD	S11460
BNS	S01488
TBE	S01145
BZO	S01141
BAZ	S01007
BRR	S04482
BUA	S02391
BIG	S05119
BCN	S11855
BZE	S00238
BIN	S01438
BLP	S01483
BNB	S00522
BCA	S12338
BAV	S00970
BSP	S00070
BCR	S06611
BSM	S06950
BIE	S11113
BNG	S00870
BOV	S01202
BPD	S11501
BOD	S03313
BAR	S09763
BCS	S04709
BON	S09453
BRE	S06028
BBP	S05100
BCV	S05046
BAL	S05725
BAF	S05020
BAI	S05140
AAB	S05042
BSR	S05130
NBO	S02026
BOE	S00014
BOU	S02226
BLS	S04730
BSC	S09464
BRO	S02383
BVA	S12867
BRH	S04503
BTH	S02051
BOP	S06100
BST	S04518
BOI	S04521
BGG	S09526
BAB	S06410
BOA	S06309
BFP	S04214
BOL	S00032
BEO	S00171
BSL	S06604
BSE	S06704
BAS	S00315
BSD	S00613
BOT	S00981
BVD	S06161
BVC	S02313
BVE	S02314
BOC	S00246
BTF	S02338
BCF	S00152
BDO	S01830
BRN	S00016
BNR	S00210
BTG	S00860
BIO	S00104
RBO	S12872
SBN	S02390
OBE	S09452
BLR	S09754
BLC	S11829
ZBB	S11860
BNV	S11854
OEB	S09321
NOB	S02363
BLZ	S01920
RBR	S00821
BNC	S08315
NBR	S04803
NRB	S11857
BZZ	S00231
BSY	S00622
ALB	S01452
RRB	S02001
IBR	S01717
ABR	S01930
ABO	S01805
RBN	S02014
BCI	S11757
IRB	S00521
BRS	S11136
BDM	S11451
IBA	S11137
RNB	S00113
BLH	S06614
BOF	S12031
YZZ	S01944
BLN	S02030
BRL	S00424
BCU	S02107
YZB	S00837
BLU	S00209
OBS	S09828
BUN	S06911
OBA	S03088
BRG	S08538
BTU	S06874
BLF	S12016
BZN	S00054
BUL	S04215
BUC	S00704
BLM	S02563
BUT	S01963
BSU	S07704
NBU	S00208
BOZ	S01031
BVV	S01482
BRT	S05301
BIU	S03029
CEO	S05006
CRI	S12891
CIE	S12890
COM	S00879
CAS	S12851
CPC	S02550
CNA	S00833
CNO	S12321
CMI	S12151
CCA	S02307
CNN	S11455
CIO	S01712
CDE	S01117
CRO	S02437
CZO	S02308
CNZ	S06417
CIP	S09620
CEE	S01524
CTI	S11815
CNE	S12270
CAC	S12381
CAX	S12380
CGA	S00020
CCO	S01503
CSO	S00158
CNS	S01843
CLC	S06043
CNI	S06804
COS	S00456
CSG	S12207
COL	S01316
CSF	S04716
CSP	S09825
CLO	S07219
CAM	S06031
CDC	S08706
CDG	S08903
CDA	S08919
CDN	S09626
CDT	S02007
CSS	S09459
CDM	S12112
COR	S12385
CGO	S02527
CCE	S12017
CCC	S12211
CRR	S09505
CNL	S08602
COI	S09462
CEM	S04105
CRE	S11454
CNR	S11020
CLA	S12815
CII	S06659
CSL	S11745
CNG	S06324
CRP	S02525
CTO	S05314
CAA	S06921
CRA	S08735
CLL	S09213
COA	S09002
CLE	S11204
CLD	S00071
CAE	S00157
CAL	S00333
CDD	S11105
CLI	S00512
CAO	S01011
CTE	S01034
CLN	S00832
CRT	S07429
CTT	S12375
CGG	S12812
CRN	S07009
CDB	S11406
COO	S01848
CDP	S11402
CDS	S09451
CTU	S01451
CUC	S01313
CSR	S01970
COE	S11702
CCI	S12128
CIB	S08006
CLP	S08672
CLR	S08850
COB	S11734
CDO	S12030
COT	S11858
CPF	S07215
CEN	S08525
CBA	S01603
CCN	S08311
LCA	S08110
CAV	S09061
LAC	S01622
CVA	S03301
CUA	S09208
CEC	S01486
CIG	S01602
CNB	S05120
CAI	S04300
CAU	S12818
COZ	S12140
CNT	S00839
CTA	S11818
CTM	S01315
CAN	S12127
CTC	S12799
CIS	S00055
CLG	S00601
CDR	S02532
CEU	S01511
CIA	S03016
CIN	S12025
CNV	S11133
CIR	S08914
CNP	S02502
CPI	S02349
OCE	S00971
NCA	S09050
CAZ	S06005
CON	S08533
CBB	S12326
CUN	S00738
CLS	S08519
CCB	S08730
CAG	S09465
CLB	S11309
COP	S07821
CNU	S09910
NAC	S01609
CET	S00314
CEP	S00179
CED	S05101
COG	S05111
CIL	S00972
COV	S01604
CRG	S01850
CVO	S09216
CGN	S01827
CSA	S02830
CNC	S06505
CTR	S09211
DCE	S06751
OCO	S01457
CES	S01029
ICA	S09009
NCU	S01490
OCL	S11900
COD	S01707
OCR	S09611
ACN	S00864
ZNA	S08671
ACL	S02506
CRS	S02368
COC	S06029
YZA	S05122
CDL	S00828
CIT	S01942
CBD	S08114
CAD	S08910
ZLA	S02382
CLF	S08703
YLZ	S11212
CLM	S08510
CSE	S07407
CST	S09704
CSI	S01948
CSM	S05053
CLT	S02208
CSN	S05056
YNZ	S12020
CIC	S12010
CND	S02105
YLA	S05102
CTF	S07200
CNF	S06802
CCR	S09609
OEC	S05037
ECO	S02537
CFO	S05012
OCA	S07901
CDF	S12120
CDI	S09756
CAR	S11463
OAC	S04000
YNA	S01606
COU	S00720
OCI	S01123
CAH	S06808
CAT	S06024
ACO	S00741
DCO	S02507
ZOA	S00465
CIH	S01923
CRF	S00343
CRM	S05724
CVV	S02093
EOC	S00836
ZCB	S06812
DCA	S06300
CUO	S07204
YOZ	S07302
SCA	S00233
CAP	S04001
YOA	S06302
CRV	S09608
ZYY	S12113
CRL	S01960
DAC	S06923
NCI	S06920
XZZ	S06729
CEI	S11909
CID	S12362
CIV	S08205
CEA	S01429
CDH	S01964
COF	S08663
XZY	S01208
CAQ	S12337
ECA	S12332
ACG	S12331
CRZ	S11956
OIC	S11833
CVU	S12244
CSC	S07102
CIU	S11846
CAB	S00279
DCI	S09816
ZII	S01804
ACI	S01914
ORC	S00423
ICO	S09113
RCA	S00603
YZI	S05425
ZNN	S05422
COJ	S01210
CLZ	S02147
CVI	S04724
DOC	S06044
NCE	S08664
CNH	S08732
NEC	S06026
CLU	S12019
ICE	S02665
OCV	S08528
CEL	S04530
CBR	S11716
IEC	S00745
LCE	S00608
LEC	S11715
XYZ	S08666
CCS	S00541
ECI	S08530
ECN	S06956
DEC	S12200
CER	S02364
ENC	S05417
ECL	S04517
ELC	S11103
YCZ	S01513
YCB	S07300
ECD	S06803
CDV	S01803
RCE	S11200
CMM	S05814
AGC	S03207
CCG	S00546
CSB	S04512
OCD	S08319
SCE	S09473
ZOO	S05066
CCT	S05815
REC	S11735
CVE	S00742
CVB	S00141
CSV	S00142
CCH	S00733
ECE	S09510
CLV	S07201
CRH	S01713
CHN	S08007
CSH	S01301
CHR	S04722
NCH	S01400
RCH	S00500
CTH	S07712
EIC	S11021
OOC	S01868
CHI	S05428
CTN	S00206
CZA	S12899
NHC	S01536
CRU	S01435
CSU	S02017
YZN	S00429
TCC	S06925
CHS	S00232
CNM	S08650
ZEI	S02209
YZO	S12126
CAJ	S11730
RCI	S11820
CCM	S01525
CRD	S02500
ACD	S08603
NIC	S11131
YIZ	S06154
LCI	S02535
LIC	S07406
DIC	S08200
CTV	S01462
YII	S08211
ODC	S08853
XYY	S07506
ICI	S08010
CMA	S08012
CVD	S08024
ZYI	S06822
YNN	S08852
CRX	S12970
SCL	S05812
IOC	S01540
TCO	S00425
LCO	S08534
NCO	S01828
LOC	S09703
CPO	S02831
CTL	S04532
ZYA	S02206
CCL	S01420
ECS	S02005
EAC	S08651
CVS	S06840
ZYN	S06151
SAC	S08657
NOC	S00217
CTS	S06018
XZN	S08221
XYN	S08520
OCN	S01539
ONC	S01852
CGI	S00050
SCO	S12411
SCI	S01307
CBI	S06902
RCO	S11861
CVN	S00212
ZNY	S02706
OCC	S05950
XNZ	S06702
SOC	S12355
XNY	S07404
CIM	S09826
SCT	S01041
CZI	S05115
XNN	S08112
ZYB	S02661
XZA	S11812
ZXX	S03300
YZX	S04734
YXZ	S03053
CDU	S02569
YXX	S07308
WZZ	S09324
WZY	S01064
WYZ	S01865
CZZ	S11910
ROC	S01424
TOC	S00973
OCT	S02375
XZI	S01491
C(D	S00348
ZEA	S00829
CEZ	S00702
OLC	S05956
WYY	S07432
CZE	S11151
ZCO	S00332
CME	S01605
NCR	S01915
NRC	S00172
CAF	S00017
CRC	S05316
ICR	S08317
RCN	S11830
RNC	S11823
LCR	S11819
CGC	S01312
CUE	S00610
XZB	S00611
ZBC	S00427
NUC	S08810
CMT	S07511
CUI	S00051
UCN	S02700
CUR	S11826
CGZ	S01010
DNU	S12888
DGO	S00877
DAM	S04728
DIO	S01422
DBY	S00162
DII	S01408
DNO	S02084
DIS	S01320
DEB	S11731
DOM	S04511
DNN	S06701
DOP	S06310
DNI	S12240
DCC	S02113
DLO	S02587
DRA	S02055
DLA	S01003
DNA	S04202
DTA	S12412
DAZ	S00148
DIR	S01407
DTO	S01025
DOE	S00980
DNB	S02330
DRO	S00722
DUN	S01405
DLE	S02146
DID	S08220
ELI	S09824
EAN	S00926
ETE	S11788
EAT	S02032
EIA	S11154
EAO	S07003
ELL	S06510
EAS	S12856
ENA	S12238
EIT	S06226
ETT	S02396
EES	S00251
FSM	S06421
FNO	S07208
FCM	S07059
FDR	S08111
FOF	S08201
FZA	S05058
FNA	S02557
FRE	S02762
FOC	S07420
FMC	S09001
FRA	S12405
FAM	S07111
FAS	S07117
FNE	S12038
FNN	S11747
FAC	S03083
FAN	S07105
FLO	S02575
FRR	S00112
FAA	S08214
FNI	S00737
FNS	S11130
FAL	S06021
FNZ	S11771
FCO	S12136
FSA	S06103
FNL	S00468
FRT	S02564
FOS	S08661
FAP	S11952
FND	S11458
FIA	S04804
FER	S05712
FAI	S00404
FNU	S11856
FIR	S06901
FIN	S08235
FZZ	S05009
FRI	S12137
FEC	S06953
FEV	S06908
FRL	S06165
NFI	S12277
NIF	S11211
FLM	S04522
FLA	S05007
FCE	S06900
FEO	S06419
FEI	S06420
FES	S06430
FNC	S09519
FOB	S11741
FDS	S12322
FTE	S01412
FTO	S12015
FOA	S08411
FOG	S06223
FRS	S06222
FII	S11100
FNG	S07217
FCA	S06033
FIS	S08606
FDA	S02702
FOP	S00174
FVA	S02534
FNB	S06619
FIO	S07421
FZN	S11210
FBA	S03054
FLI	S05065
FLL	S05059
FAG	S08640
FDB	S06304
FVO	S06153
FDM	S06011
FZE	S02011
FAR	S06301
FIE	S07819
FTD	S07018
FDP	S02667
FDO	S03201
FON	S00606
FDV	S07209
FOM	S09506
FRU	S04729
FLV	S12361
FAE	S07813
FAF	S11752
FAT	S11603
FIC	S12139
FTI	S08751
FTA	S09305
FTT	S02374
FRO	S09008
FLR	S11053
FTR	S09522
FET	S02524
FVC	S09524
FNR	S08662
FOO	S04200
FOR	S05726
FCI	S12313
FDD	S11738
GPP	S04700
GAG	S11871
GGI	S12358
GNO	S01063
GIO	S02671
GLE	S07311
GLA	S05800
GNA	S07212
GTI	S12305
GDO	S09900
GTE	S01030
GEB	S08113
GIT	S08210
GRA	S05721
GVT	S02541
GRO	S00861
GLL	S05067
GDD	S00274
GNN	S00030
GII	S00924
GCO	S00276
GAM	S05816
GRR	S00052
GNR	S06036
GSM	S01207
GDB	S02381
GPS	S01917
GEL	S12407
GLI	S08326
GDF	S03019
GSV	S07206
GAA	S04107
GAB	S04218
GAI	S04109
GAE	S04702
GAC	S04538
GCD	S04110
GAR	S04108
GMS	S04603
GAN	S04707
GPA	S04701
GAP	S04536
GAO	S04217
AGR	S04535
GQD	S04704
GQA	S04705
GAL	S04219
GSB	S04222
GAS	S04220
GSP	S04537
GAU	S04703
GAV	S04540
GVD	S04223
GAT	S04534
GDI	S01841
GME	S00110
GGO	S00974
GOC	S06306
GRY	S12138
GRI	S12308
GLO	S00316
GER	S12324
GVE	S12866
GSA	S11462
GDC	S11505
YOO	S11766
GAJ	S11848
ZYO	S12033
GZO	S11115
GOQ	S09100
GVA	S07802
GNC	S07225
GCC	S06037
GAD	S11748
GIE	S05809
GOD	S05904
GDA	S12366
GOA	S12852
GEA	S02344
AGO	S02766
GOS	S08535
AGE	S03304
GNZ	S00015
GNG	S09758
GLN	S06224
GLH	S12272
GLR	S06801
GRL	S05955
GTT	S12359
GNS	S11456
AOG	S00007
GIP	S11306
GIC	S07403
GNI	S09300
GRN	S03315
GCS	S00106
NGR	S02317
GDZ	S02579
GSI	S11729
NRG	S05133
GOI	S00277
GTO	S06039
GIL	S11602
GRE	S07512
GTR	S12372
GSS	S08301
GDM	S01537
GOL	S11502
GOT	S07211
GLV	S11843
GMA	S12327
GPT	S11737
GIA	S09456
GMO	S08506
HEB	S00147
IAM	S05818
IAS	S12950
ICB	S06957
ICT	S06951
ILN	S06424
ILA	S05054
IAO	S04510
ISA	S06907
IAN	S00835
ITA	S11101
IRE	S06914
IOO	S01204
IDO	S08330
IIA	S09053
ICU	S11825
IDC	S04210
IDS	S05307
IDF	S12129
IAD	S00347
IAL	S08858
ISG	S08665
ICC	S12421
IRA	S01121
INA	S02539
IRI	S08607
IEA	S00154
JSI	S07202
JLO	S11763
LAF	S08808
LAG	S08321
LAS	S00132
LSC	S06000
LSM	S06004
LAA	S08320
LOM	S07427
LES	S02207
LII	S08021
LRO	S09911
LIA	S04514
LEE	S02029
LMA	S05418
LDR	S05121
LIN	S01869
LTC	S11749
LTN	S11951
LTS	S11950
LAP	S02219
LGO	S02710
LIO	S08733
LAI	S09707
LNO	S09466
LSA	S02204
LRI	S12018
LNA	S06912
LNN	S11606
LNI	S08608
LLB	S03202
LNR	S00421
LNG	S04723
LOO	S01118
LLA	S05806
LNV	S05041
LIS	S02037
LTE	S09708
LEP	S06516
LCC	S11145
ZLL	S01520
LOI	S01522
LOE	S01120
LGG	S02366
LNE	S01033
LRA	S02373
LNT	S12341
LID	S12340
LSS	S11219
LEO	S12239
LAB	S12205
LEN	S02578
LSE	S01018
LNS	S00954
LMO	S01501
LNJ	S12316
LDA	S02568
LTO	S04731
LCV	S02309
LTA	S12400
LDC	S05813
LDL	S08708
NLI	S01413
LNM	S00617
NIL	S09616
LVD	S09628
LRR	S02530
LON	S02663
LEM	S01321
LOL	S06725
LOF	S00237
NLO	S04519
LET	S01801
LRC	S11851
LDI	S01825
LLO	S00405
LTT	S02083
LEZ	S02556
LDD	S11742
LGI	S02441
LER	S05423
LTR	S07503
LCU	S06404
LGU	S05951
LNU	S01113
LCN	S03125
LLL	S01806
LZA	S08503
LUN	S09606
LSG	S00523
LLI	S07414
MOC	S01700
MSE	S08020
MTA	S07307
MAF	S07313
MOS	S01500
MOA	S01484
MER	S12869
MNE	S00607
MII	S09212
MIS	S09303
MNO	S01610
MDP	S08108
MDE	S00820
MDS	S00501
MDC	S12853
MDM	S02512
MTT	S01040
MNN	S07002
MNA	S08404
MCM	S00951
MEC	S02033
MNJ	S03051
MEO	S01910
MSV	S02200
MDT	S07555
MLA	S04735
MON	S11817
MAS	S08512
MDL	S01415
MIO	S01902
MIA	S11054
MGO	S03084
MLO	S07710
MTN	S00700
MVA	S02336
MAE	S02380
MNZ	S03030
MCO	S08314
MNR	S02142
MOT	S00983
MEA	S11723
MSA	S12104
MIR	S01921
MVO	S11728
MAP	S08507
MRA	S11953
MSS	S09301
MIN	S11800
MRO	S08716
MTI	S00902
MDO	S11107
MOE	S01089
MLI	S12234
MNI	S09750
MDI	S08022
MDA	S11724
MDZ	S11862
MLL	S12854
MAN	S08701
MDN	S07556
MGG	S02214
MRE	S07401
MAM	S07107
MDD	S06610
MTE	S12879
MLS	S12107
MTO	S05105
MMI	S12444
MCA	S07109
MLC	S12323
MIH	S04811
MAC	S06009
MRR	S11510
MDR	S05952
MAB	S06350
MCC	S07301
MEM	S09461
MDV	S12110
MED	S00406
MNS	S06102
MNU	S03082
MEN	S01019
MOM	S07065
MLE	S04106
MNG	S01822
MFI	S11206
MAD	S11863
MZO	S01705
MEL	S02668
NME	S00875
NEM	S02216
MMB	S02217
MSO	S09706
MCS	S00156
MZZ	S01012
EMN	S01454
ENM	S11607
MAL	S12301
MAA	S12300
MNT	S02580
MTP	S11461
MID	S01851
ZMM	S05810
MNC	S02035
MPG	S01647
MPA	S01631
MGE	S04212
MDG	S09201
MBF	S01642
MOO	S01640
MOD	S01650
MGP	S01326
MOL	S01701
MOI	S01643
MPI	S01645
MPR	S01632
MPV	S01633
MOR	S01820
OMO	S01032
MSC	S01630
MOV	S01649
MZA	S12042
MTL	S11790
MLT	S12276
MLM	S06954
MEE	S12275
MOG	S11403
NMI	S09150
MPC	S06227
MAO	S02588
OME	S01867
MLD	S05311
OMR	S11814
OMD	S07119
MND	S05032
MCI	S12417
OMI	S11515
OEM	S02717
NMO	S01456
MAG	S12363
MDB	S11127
MRL	S04102
MTF	S11114
MCV	S07424
DMA	S05112
MNL	S01458
MEV	S00873
MZU	S00808
MMO	S00019
MES	S11844
MOP	S00721
MRI	S00453
MIE	S00510
MVV	S00340
OOM	S00735
MVI	S00952
MIL	S04727
MNF	S03310
NOM	S00801
EMO	S11905
MVD	S02111
MLP	S11129
MRD	S07553
MCE	S05703
OMN	S02392
OMA	S09319
MEI	S06415
MSL	S06856
AMD	S08008
YZM	S00153
YMZ	S11908
MRN	S00160
MET	S06820
MEU	S12973
MEG	S11805
EME	S07014
MSB	S08605
MLB	S02443
MNB	S02570
MBC	S09315
MSR	S06408
MOB	S07203
MIC	S06412
MIT	S06411
EOM	S00872
OAM	S00428
MNV	S09822
MRS	S07310
ONM	S09602
YMM	S08303
ZYM	S09529
MSG	S00803
MSI	S11601
MLN	S09612
XZM	S01535
XYM	S06511
MRG	S12203
MNM	S09610
ZMY	S07110
MTM	S09603
XMZ	S07825
XMY	S11836
OML	S06038
MNP	S07554
XMM	S06855
EMA	S03085
ZYX	S09057
MIB	S06871
MST	S04732
MOH	S07062
DMO	S08215
MOU	S09909
MTS	S05801
WZX	S07808
ODM	S00422
MIV	S06910
WYX	S09624
IME	S12857
IMO	S09622
MIG	S01971
ZXY	S00823
MUO	S00426
WXZ	S01840
MEJ	S00144
MOF	S09518
OMU	S09517
MSN	S09528
MLR	S06601
MZN	S01322
MAI	S01480
MMD	S06225
WXY	S05132
MSP	S00177
WXX	S01425
ZXM	S09503
YXM	S01710
MSU	S12864
MTR	S00544
MEX	S00131
RMO	S02046
OIM	S01144
OLM	S08660
DME	S09617
MMS	S07309
MRT	S00034
SMN	S07904
SMO	S03302
MAR	S12360
DMI	S02767
MSD	S01862
MSZ	S11865
WZM	S02339
AMI	S12105
WYM	S02332
MTU	S04713
MLU	S08400
MUL	S06876
MUE	S12953
MPD	S05139
MUT	S00824
MDU	S03204
NIE	S09218
NCF	S09103
NIG	S09110
NIM	S09105
NIO	S09107
NPG	S09109
NPL	S09104
NSG	S09800
NIA	S07230
NLE	S00734
NSI	S11600
NNO	S02211
NII	S06502
NVE	S00827
NAM	S07229
NNN	S08710
NIB	S00976
NNI	S00511
NVO	S00273
NRR	S11764
NLA	S00739
NMM	S12392
NDS	S12311
NAO	S00834
NES	S02510
NAI	S09814
NIT	S09709
NAS	S09815
NAE	S11746
NAU	S07213
NTO	S06101
NRO	S05310
NLL	S09700
NNE	S00513
NCC	S07903
NTT	S12424
NSR	S11803
NRV	S00248
NMF	S12039
NEA	S01403
NVV	S02734
NIR	S04203
NNA	S06351
NTE	S00920
NOS	S08231
NUS	S00140
NCS	S09614
OLO	S05710
OZO	S02765
OCM	S07551
ONO	S01460
OIA	S12855
OMC	S12901
OGO	S00244
OIO	S01414
OII	S00984
ONN	S00036
OTA	S08333
OCB	S01514
OIT	S12037
OSM	S04480
OTT	S01905
OIS	S02760
ONA	S00010
OAO	S00008
OOS	S11708
ORA	S02031
OLL	S08004
ONI	S06022
OND	S11202
OIR	S11605
OAP	S08518
OOL	S01870
OLI	S08313
ORI	S02203
ONT	S12878
OSO	S00006
OSA	S12121
OGG	S02704
ODP	S09320
OAN	S00012
OVA	S11102
OTE	S08209
ONR	S07815
OTO	S08203
ORR	S12860
OOO	S07502
OGA	S01512
OOE	S02395
OON	S01871
OIH	S07012
ODE	S02554
OOA	S01922
OOT	S01716
OAA	S05302
OAE	S06160
OIL	S05304
ONU	S11132
ONV	S09751
OCS	S00204
ODA	S04103
OAD	S04007
OIG	S00840
OIN	S12862
OIF	S12861
OOD	S05055
OOR	S00337
ZSS	S06152
POC	S12002
PCC	S05709
PMB	S06826
PMV	S03032
PIS	S12881
PDM	S12045
PCO	S12103
PNO	S12445
POR	S01502
PNE	S08707
PVA	S02581
PLA	S09908
PLI	S09313
PSE	S02540
PEC	S02602
PUM	S11703
PNI	S09813
PCA	S07416
PLO	S11508
POA	S11464
POM	S11509
PIA	S12279
PRO	S12130
PSG	S11303
PDS	S03203
POS	S01538
POV	S00175
PNA	S08904
POB	S12055
PON	S12134
PRR	S00271
PNN	S02343
PZI	S11859
PNZ	S00002
PNR	S06220
PSO	S09701
PVV	S03122
PMI	S11769
POL	S08018
PNB	S07112
PII	S06605
PDC	S07234
PLL	S11739
PGO	S01035
POO	S01620
POD	S08412
PIL	S11759
PMA	S05014
PAL	S01060
PCI	S12124
PST	S07001
PLP	S09607
PSP	S12036
PNT	S12874
PIV	S01860
PPG	S01861
PNV	S08731
PSS	S07510
PCP	S02567
PNL	S09521
PGG	S00341
PDE	S02553
PNG	S02305
PLG	S07060
PRI	S02052
PGN	S00311
PIG	S07004
PPS	S07005
PRA	S07104
PRC	S07810
PPN	S07811
PSM	S07017
PDG	S02088
PIC	S06409
PNC	S08532
PLE	S08811
POI	S08915
PFL	S09507
PNS	S00457
PEN	S09901
POT	S12109
PCS	S00011
PSI	S08901
PZA	S05000
PND	S01919
PDN	S06952
PDV	S05114
PIN	S00876
PBM	S08222
PDR	S12394
PDA	S09317
PEI	S00903
PDB	S07714
PIO	S04216
PRN	S05131
NPI	S02705
PAS	S06325
PAA	S09106
PAC	S09108
NIP	S09833
PRE	S00003
PAE	S04520
PRS	S04209
PLR	S11213
PLT	S11816
PSA	S09801
PTA	S06012
IPN	S09508
PEA	S00402
PEL	S04711
PEV	S00004
PTT	S00922
POE	S09207
POP	S01931
PLN	S00517
OPL	S00082
PTO	S08334
OPT	S07806
INP	S03055
OPI	S01703
PNM	S06770
PBE	S06775
PEO	S02509
ZPP	S01406
PDO	S05106
PTE	S12125
PBA	S06450
PAR	S06500
PSR	S06501
PDP	S00515
PLC	S09625
PAP	S11712
PCT	S11459
PIT	S06414
PIE	S05116
PNH	S01911
PZO	S11753
PUS	S02212
PHE	S12816
PIP	S00842
PSN	S06805
PCV	S06323
POF	S07428
PMO	S11023
OIP	S08213
OPE	S05720
POU	S05308
NPO	S11305
PTP	S01433
LPO	S00904
PLS	S05708
PUO	S11718
OPU	S11802
PAM	S11128
LOP	S09903
PZZ	S07305
NOP	S12021
PIB	S01125
PSB	S08601
PEE	S09810
OPN	S00890
SPA	S00149
PVE	S06904
APL	S06807
PAO	S06312
PAT	S06869
PET	S09325
PEU	S09309
PDI	S05123
PDT	S02585
PID	S02763
PED	S01912
PEG	S02225
PER	S08403
EPA	S02020
EPI	S06752
PAI	S01434
PNP	S02558
PPD	S07233
PSC	S02082
SPI	S01528
PBB	S03010
ONP	S09821
OPA	S05103
PNU	S01809
PCE	S06506
PRU	S05711
PFO	S09504
PRT	S05005
PTN	S04710
PTI	S00871
ZRR	S06913
PDD	S01526
PLM	S06163
YZR	S00247
POG	S06200
YRZ	S06612
PIR	S07703
PIU	S06773
RPO	S06406
YRR	S02701
APE	S05110
PRM	S00344
IPR	S09802
OEP	S01200
PAD	S07822
APO	S07514
OPM	S12214
EPO	S07504
PSD	S07507
PES	S07508
OPO	S12802
AOP	S01116
PVP	S01124
ZFF	S03200
PRG	S05802
PTD	S11220
PMM	S02601
PCD	S02053
PAF	S11420
PPM	S07505
PAU	S11217
DPA	S02505
PLZ	S12420
OOP	S04330
PIF	S09101
YZF	S01722
PIH	S05113
ZYR	S11725
OPR	S04101
APR	S09513
NPR	S06423
XZR	S06426
EOP	S06416
PPA	S06422
YZP	S00108
PAN	S07700
PPE	S07601
SPR	S04003
POZ	S02715
API	S01058
POH	S01009
PZE	S08536
SIP	S00130
NRP	S02319
PRL	S00923
YPZ	S12347
XYR	S12393
ZRY	S08604
APA	S12133
QNA	S00102
QRT	S00138
QDM	S09111
QOD	S02670
QOV	S08005
QLA	S06728
QOS	S02565
QOO	S04527
QTO	S00150
RAT	S08409
RCT	S11866
RTO	S12373
RGI	S00602
RSA	S12414
RAI	S12416
RNO	S07600
RZO	S12365
RLO	S04720
ROT	S06850
RRS	S09621
RNN	S05138
RNA	S05811
RLE	S09302
RCC	S04714
RIA	S03308
RCL	S11781
RCD	S11780
RDC	S11776
RDO	S11777
RDR	S11867
RDI	S11868
ROE	S05023
REA	S05254
RDD	S01410
ROS	S01845
ROO	S01846
REV	S01489
RNS	S02508
RRE	S05305
RDS	S09762
RHO	S01037
RIC	S11845
RDA	S09204
RID	S11761
RNE	S07101
RTI	S07405
ROG	S11028
RSR	S06906
RLI	S06401
RNG	S06851
RSO	S04208
RNI	S05071
RIM	S07100
RTP	S05819
RIV	S05820
RDP	S02102
REO	S04004
RDE	S08517
RLA	S05108
RRR	S04736
RAA	S11209
RSE	S09463
RTA	S06402
RLL	S06750
RIN	S03120
RAO	S04726
RAS	S04331
RIP	S08905
RIO	S00272
ROP	S01904
RTE	S00615
RDN	S07410
RDF	S07409
RAD	S09200
RAE	S11804
RAL	S09058
RDB	S11828
RIE	S00740
RDL	S00905
RDM	S04006
RAM	S12312
RTT	S06159
ALR	S12204
RSS	S08906
RCS	S08668
RDT	S06823
RNV	S00614
RAJ	S11847
RAC	S00878
RSC	S11205
RTC	S00466
RLD	S00159
RLG	S01423
RNF	S02346
RAU	S08025
YPP	S08674
RMM	S08322
RNL	S08236
ARS	S08406
RAP	S08500
RSF	S08325
RSP	S08323
RAB	S08217
RTS	S08226
RAV	S08405
RUA	S08408
ROA	S00109
ROV	S09829
RNM	S01711
RRO	S02337
ERA	S12049
RDG	S05303
RBM	S02312
ROD	S03309
RON	S08109
ROR	S04211
RTN	S06606
RNR	S11765
SRO	S02521
RCU	S11806
RDZ	S07804
NOR	S06730
ORN	S05424
ZYP	S12422
XZP	S11813
ORE	S02522
XYP	S04104
TRO	S00215
RNT	S01950
RDV	S00053
LAR	S00056
RTV	S01714
RLB	S02333
RTR	S02044
ZPY	S08515
RGO	S05706
RRA	S05031
RZA	S12895
RNU	S06703
RSI	S05903
RUN	S11707
SSA	S00213
SAD	S00236
SAE	S00211
SCV	S01401
SCN	S01866
SDD	S00461
SDE	S02666
SSE	S08739
SGV	S00243
SGD	S01436
SGI	S01849
SGM	S01821
SGP	S01961
SML	S04718
SMD	S08738
SND	S11300
SPS	S00463
SPO	S06313
SPT	S08912
SPB	S01428
SPV	S11141
SSD	S06170
SSZ	S02664
SSV	S06030
SZF	S01900
SZA	S01823
SAM	S12027
SAO	S05954
SAR	S12315
SAI	S11840
SAA	S09615
SAL	S00434
SAN	S09007
SAT	S02334
SAG	S05069
SBD	S07513
SBO	S00609
SSB	S05805
SBA	S02761
SSC	S02114
SSO	S06615
SSL	S12382
SCD	S11842
SSI	S07312
SCH	S02306
SCG	S02735
ASC	S09502
SDI	S07418
SDB	S06514
SEE	S05704
SSR	S06905
SFS	S05313
SSF	S07557
SFA	S12044
SLS	S12009
SFO	S06504
SGO	S07220
SGC	S00336
SGE	S02526
SPG	S05723
SGA	S03031
SGS	S03199
ASG	S06816
SGN	S06909
SSG	S01943
SGT	S01941
SGR	S06400
SGU	S09752
SEG	S02562
XPZ	S05021
SST	S07235
SLC	S12132
SLM	S09308
SLA	S11740
SMF	S09005
SMR	S11904
SMC	S09209
SMA	S09804
SMG	S03121
SMT	S09059
SSM	S02501
SMI	S08307
SMB	S02435
SMP	S02536
ASM	S06613
SMS	S09468
SME	S09523
SOM	S01924
SMH	S06509
SSN	S02503
SNA	S11726
SNT	S12012
SIS	S01951
SPE	S06603
SPD	S11750
SPL	S05722
SPU	S02531
SRM	S06508
SSP	S00420
SSH	S07303
SSS	S00173
SES	S00831
SOS	S01829
SSU	S03124
STD	S09630
SVV	S08855
SVA	S02660
SVD	S11135
SVL	S07817
ISS	S00822
SLE	S02703
XPY	S03089
SDO	S03307
STP	S00161
SNO	S00408
SOZ	S00400
SAB	S01461
SOA	S09906
SRA	S11457
SNN	S00205
SEL	S00743
SIG	S12114
SNR	S09818
STO	S02394
STT	S00744
SDR	S11864
SNE	S08502
SNL	S02034
SET	S05090
SIA	S00235
SLL	S00074
SAP	S09600
SOR	S02511
SII	S12885
SIO	S05039
SCC	S01402
SRI	S12419
SBS	S05134
SNB	S02440
SNG	S12882
SNM	S04005
SNI	S12034
SGG	S03205
SNV	S12804
GSE	S05319
AGS	S04805
SLD	S11827
SDM	S12028
SMU	S11714
SON	S05118
NSB	S11700
SEN	S04505
SNS	S11025
NSA	S00072
SRE	S00731
XPP	S01140
STE	S11733
STN	S02384
SIT	S12883
SRR	S00403
SDA	S11503
AOS	S11786
SAU	S06023
SMZ	S11957
ZXP	S08015
SEA	S08016
STA	S12314
SEM	S08521
SMM	S11310
SIH	S00240
YXP	S12024
SIR	S04802
SOI	S11201
WZP	S12897
SLO	S12806
SOO	S09629
SRP	S11721
STM	S01949
WYP	S09702
WXP	S01933
ZPX	S00136
YPX	S00038
SNZ	S06007
OAS	S07413
SOT	S09907
SRS	S12807
WPZ	S05104
SOV	S07063
WPY	S08712
WPX	S00604
SOG	S09318
SUS	S05068
WPP	S04801
ZWW	S04800
SVS	S07707
STI	S09811
SDG	S12814
YZW	S11727
SHE	S00540
SAZ	S12309
SOB	S07216
SJM	S11801
SNC	S06035
SDP	S07805
SIC	S02140
SLI	S12418
LCS	S11772
STC	S06705
SLT	S06164
SID	S12278
YWZ	S08524
GES	S01826
OSR	S02560
AES	S12152
STR	S01715
SDC	S07411
YWW	S11831
SDT	S06155
SIL	S07108
SNP	S09501
NSE	S01318
TSE	S01533
ESN	S09515
SSQ	S07205
SCF	S12383
ESA	S00338
SUA	S12886
SLV	S02048
SED	S00431
SEP	S06413
SEI	S04206
SDN	S06857
ZYW	S09000
SDS	S08917
SOE	S01026
SOP	S09062
SOF	S06418
XZW	S01325
SIE	S04725
SEB	S08216
SCR	S02224
SCM	S00430
ESM	S00229
XYW	S00151
ENS	S11954
ZWY	S03151
ESS	S01925
SER	S08609
SLG	S08659
SRB	S11811
SDU	S09827
SIN	S11850
ISC	S06903
NIS	S06809
SZI	S06867
ISN	S06513
SRD	S02205
SUU	S12954
LSI	S05109
SGL	S00978
SVI	S07807
ISR	S11832
GIS	S06852
INS	S08300
TSI	S11056
XWZ	S12349
AMS	S12351
XWY	S03312
XWW	S00111
SOL	S02201
STF	S02732
NSO	S02504
SLR	S05900
OSS	S12876
SRL	S00469
VZZ	S02351
OSN	S06156
SRF	S09516
SCP	S09307
VZY	S01028
VYZ	S00730
ISO	S01430
ORS	S08857
ONS	S01607
SDH	S07434
VYY	S04712
STV	S11837
RPS	S12048
SLU	S12106
VZX	S09206
DSC	S09761
SLP	S07010
VYX	S11901
SPN	S00874
SLZ	S11304
IOS	S07552
TSP	S01940
STL	S07221
ESP	S02202
VXZ	S04526
NSP	S02709
SCU	S11835
SNU	S11142
SLH	S05705
SPP	S02736
NST	S06824
NTS	S08212
VXY	S06617
LST	S01945
TSN	S00155
SDL	S03150
STS	S01016
SVE	S00866
TNS	S02315
VXX	S07400
SLN	S11822
SUC	S12896
SUN	S08539
SAQ	S08900
NSU	S00018
USS	S00260
USN	S02708
SRZ	S02340
TPN	S00219
TAA	S04506
TZO	S08522
TOA	S01122
TNA	S01426
TNE	S08002
TNN	S12317
TTO	S11465
TTT	S03022
TIA	S12353
TII	S08009
TIS	S11903
TOB	S03015
TNO	S06405
TSS	S09605
TNZ	S01824
TEN	S09205
TOV	S02662
TEC	S09326
TMO	S07900
TOO	S02223
TEA	S05701
TEV	S12040
TIE	S12014
TLI	S11019
TVB	S01143
TNI	S07226
TIC	S07430
TNR	S01504
TAC	S06922
TNC	S08809
TAT	S06167
TVE	S12108
TIR	S07425
TNG	S09753
TOM	S00869
TDG	S02318
TNH	S02143
TIO	S11869
TRA	S11216
TDA	S07426
TIN	S01440
TIU	S12813
TTI	S09834
TLL	S08508
TOE	S07705
TNT	S07304
TCS	S07814
TLO	S06720
TON	S12131
TOI	S00342
TRS	S08501
TRV	S08655
TAP	S09202
TOL	S11906
TRR	S11706
TOD	S00224
TOT	S00452
TPS	S00035
TSO	S00223
TOS	S00228
TBA	S12865
TPA	S00234
TAE	S09806
TAI	S09805
TDP	S07706
TDO	S09803
TDL	S06015
TDI	S01918
TIP	S08019
TEM	S11821
TEO	S11717
TEP	S00524
TSG	S00545
TTE	S00039
TRI	S06817
TLA	S07011
TLC	S08600
TSL	S01853
TDS	S06854
NOT	S01810
OTI	S07801
TSA	S03206
TIB	S12013
TRN	S11112
TNP	S12100
TPP	S00925
TTP	S12123
TAB	S01142
TIV	S03081
TEI	S08308
THE	S02514
TCE	S11808
TTA	S00252
TLE	S01706
TRE	S12303
TTN	S02038
TZI	S11143
TAO	S01437
TVI	S07218
TIL	S01708
TVO	S01601
TOR	S02600
OTC	S02712
ZPT	S01065
TEL	S03856
TEE	S03317
TSF	S11106
TBV	S00950
OET	S00176
TPE	S01485
TNV	S11452
TLR	S00455
TCI	S09322
TLM	S00275
NTR	S00239
TER	S11760
TFO	S09512
TST	S07000
TSU	S12022
TNU	S11140
UNE	S03026
UAV	S03006
USM	S12880
UAS	S07306
UIR	S09467
VSL	S02593
VPN	S02430
VPF	S08304
VDA	S06025
VIA	S06602
VOB	S11450
VNO	S05136
VNN	S09203
VAA	S02110
VNA	S05117
VZA	S00041
VEA	S08329
VDM	S09304
VDO	S09705
VEL	S00037
VII	S04502
VMO	S12231
VGA	S12232
VDL	S11709
VND	S00042
VRA	S01463
VNE	S08656
VNI	S07214
VES	S02103
VOP	S01036
VOD	S00022
VOA	S00982
VOS	S00100
VNR	S07500
VZE	S04531
VAE	S01411
VSE	S01205
VNG	S05052
VSS	S07824
VDI	S08913
VEO	S02513
VRI	S08734
VRO	S09060
VCO	S12047
VAC	S02672
VAM	S02594
VAR	S02589
VPM	S02592
VAO	S11302
VIL	S04501
VNZ	S03018
VAP	S01013
VIE	S01404
VLI	S00245
VSG	S01523
VOE	S01600
VTO	S05107
VTE	S01027
VCC	S00073
VTT	S00616
VZN	S04733
VMC	S05135
VVA	S01903
VGO	S00170
VCD	S02061
VPV	S02433
VEE	S00145
VLO	S00701
VTA	S00031
VRR	S12135
VLA	S08309
VOL	S06171
VAB	S01842
VIO	S06040
VOM	S11754
VVP	S11789
VLL	S06017
VIH	S06700
VZC	S02446
VOO	S08310
VLE	S06150
VSM	S00953
VRV	S08511
VGG	S01709
VSR	S09817
VNV	S01061
VOC	S00977
VOZ	S07412
VOI	S00802
VDV	S08316
VLN	S00021
VER	S06032
VTN	S01704
VRE	S02528
VIN	S00542
VAG	S02586
VAI	S08399
VAD	S05022
VAL	S11608
VAU	S08714
VDC	S02523
VDT	S01439
VAT	S09003
VPA	S03466
VAV	S01487
VSO	S11773
VSI	S11774
VSN	S08523
VEM	S02367
VAS	S02112
VTB	S12006
VLS	S00001
YZT	S06166
VCA	S00459
VDN	S02331
AVP	S00543
AVI	S12050
VBA	S12233
VRG	S01802
AVO	S12952
VVV	S00458
VDR	S02345
YPT	S01962
VAH	S00278
IVA	S11809
VTC	S11810
VSA	S12237
VTS	S01481
VOR	S12887
AVT	S12956
VNL	S00600
AOV	S02145
NVI	S02300
VVE	S00135
VTL	S08711
ZYT	S01916
SVO	S06322
VON	S02222
VRU	S09457
VNT	S02006
VNS	S01844
NIV	S04100
VPR	S08306
VIR	S12410
VOV	S02733
VEN	S01042
VOF	S09310
VSU	S12391
IVN	S12273
VRH	S01807
XZT	S01008
NOV	S05807
VSP	S06753
ZLO	S08652
ZRA	S06425
ZNE	S11758
ZLU	S12029
ZON	S00401
ZLI	S04721
AEO	S01059
INF	S09988
BSV	S05081